unique_id,ds,y
SAR_General,2025-01-01,82
SAR_General,2025-01-02,81
SAR_General,2025-01-03,70
SAR_General,2025-01-04,109
SAR_General,2025-01-05,102
SAR_General,2025-01-06,87
SAR_General,2025-01-07,85
SAR_General,2025-01-08,74
SAR_General,2025-01-09,78
SAR_General,2025-01-10,66
SAR_General,2025-01-11,97
SAR_General,2025-01-12,90
SAR_General,2025-01-13,85
SAR_General,2025-01-14,79
SAR_General,2025-01-15,62
SAR_General,2025-01-16,78
SAR_General,2025-01-17,60
SAR_General,2025-01-18,90
SAR_General,2025-01-19,93
SAR_General,2025-01-20,73
SAR_General,2025-01-21,58
SAR_General,2025-01-22,67
SAR_General,2025-01-23,71
SAR_General,2025-01-24,80
SAR_General,2025-01-25,102
SAR_General,2025-01-26,92
SAR_General,2025-01-27,75
SAR_General,2025-01-28,60
SAR_General,2025-01-29,75
SAR_General,2025-01-30,73
SAR_General,2025-01-31,60
SAR_General,2025-02-01,82
SAR_General,2025-02-02,79
SAR_General,2025-02-03,80
SAR_General,2025-02-04,76
SAR_General,2025-02-05,66
SAR_General,2025-02-06,84
SAR_General,2025-02-07,71
SAR_General,2025-02-08,96
SAR_General,2025-02-09,104
SAR_General,2025-02-10,77
SAR_General,2025-02-11,76
SAR_General,2025-02-12,73
SAR_General,2025-02-13,62
SAR_General,2025-02-14,65
SAR_General,2025-02-15,96
SAR_General,2025-02-16,104
SAR_General,2025-02-17,74
SAR_General,2025-02-18,78
SAR_General,2025-02-19,66
SAR_General,2025-02-20,66
SAR_General,2025-02-21,63
SAR_General,2025-02-22,89
SAR_General,2025-02-23,94
SAR_General,2025-02-24,78
SAR_General,2025-02-25,56
SAR_General,2025-02-26,95
SAR_General,2025-02-27,80
SAR_General,2025-02-28,63
SAR_General,2025-03-01,102
SAR_General,2025-03-02,94
SAR_General,2025-03-03,74
SAR_General,2025-03-04,61
SAR_General,2025-03-05,74
SAR_General,2025-03-06,78
SAR_General,2025-03-07,66
SAR_General,2025-03-08,108
SAR_General,2025-03-09,126
SAR_General,2025-03-10,84
SAR_General,2025-03-11,82
SAR_General,2025-03-12,92
SAR_General,2025-03-13,76
SAR_General,2025-03-14,77
SAR_General,2025-03-15,116
SAR_General,2025-03-16,130
SAR_General,2025-03-17,102
SAR_General,2025-03-18,94
SAR_General,2025-03-19,100
SAR_General,2025-03-20,92
SAR_General,2025-03-21,85
SAR_General,2025-03-22,94
SAR_General,2025-03-23,161
SAR_General,2025-03-24,106
SAR_General,2025-03-25,90
SAR_General,2025-03-26,107
SAR_General,2025-03-27,90
SAR_General,2025-03-28,74
SAR_General,2025-03-29,130
SAR_General,2025-03-30,117
SAR_General,2025-03-31,99
SAR_General,2025-04-01,93
SAR_General,2025-04-02,86
SAR_General,2025-04-03,100
SAR_General,2025-04-04,72
SAR_General,2025-04-05,119
SAR_General,2025-04-06,127
SAR_General,2025-04-07,106
SAR_General,2025-04-08,85
SAR_General,2025-04-09,90
SAR_General,2025-04-10,84
SAR_General,2025-04-11,67
SAR_General,2025-04-12,123
SAR_General,2025-04-13,119
SAR_General,2025-04-14,107
SAR_General,2025-04-15,99
SAR_General,2025-04-16,81
SAR_General,2025-04-17,91
SAR_General,2025-04-18,122
SAR_General,2025-04-19,149
SAR_General,2025-04-20,155
SAR_General,2025-04-21,119
SAR_General,2025-04-22,124
SAR_General,2025-04-23,125
SAR_General,2025-04-24,96
SAR_General,2025-04-25,91
SAR_General,2025-04-26,146
SAR_General,2025-04-27,147
SAR_General,2025-04-28,116
SAR_General,2025-04-29,104
SAR_General,2025-04-30,99
SAR_General,2025-05-01,130
SAR_General,2025-05-02,84
SAR_General,2025-05-03,134
SAR_General,2025-05-04,150
SAR_General,2025-05-05,102
SAR_General,2025-05-06,90
SAR_General,2025-05-07,88
SAR_General,2025-05-08,88
SAR_General,2025-05-09,95
SAR_General,2025-05-10,123
SAR_General,2025-05-11,133
SAR_General,2025-05-12,106
SAR_General,2025-05-13,79
SAR_General,2025-05-14,90
SAR_General,2025-05-15,89
SAR_General,2025-05-16,70
SAR_General,2025-05-17,137
SAR_General,2025-05-18,144
SAR_General,2025-05-19,111
SAR_General,2025-05-20,95
SAR_General,2025-05-21,153
SAR_General,2025-05-22,98
SAR_General,2025-05-23,77
SAR_General,2025-05-24,130
SAR_General,2025-05-25,147
SAR_General,2025-05-26,88
SAR_General,2025-05-27,92
SAR_General,2025-05-28,104
SAR_General,2025-05-29,82
SAR_General,2025-05-30,81
SAR_General,2025-05-31,132
SAR_General,2025-06-01,135
SAR_General,2025-06-02,99
SAR_General,2025-06-03,94
SAR_General,2025-06-04,90
SAR_General,2025-06-05,87
SAR_General,2025-06-06,72
SAR_General,2025-06-07,144
SAR_General,2025-06-08,133
SAR_General,2025-06-09,99
SAR_General,2025-06-10,114
SAR_General,2025-06-11,92
SAR_General,2025-06-12,78
SAR_General,2025-06-13,86
SAR_General,2025-06-14,126
SAR_General,2025-06-15,130
SAR_General,2025-06-16,78
SAR_General,2025-06-17,93
SAR_General,2025-06-18,88
SAR_General,2025-06-19,68
SAR_General,2025-06-20,124
SAR_General,2025-06-21,127
SAR_General,2025-06-22,134
SAR_General,2025-06-23,79
SAR_General,2025-06-24,75
SAR_General,2025-06-25,72
SAR_General,2025-06-26,85
SAR_General,2025-06-27,74
SAR_General,2025-06-28,109
SAR_General,2025-06-29,101
SAR_General,2025-06-30,85
SAR_General,2025-07-01,90
SAR_General,2025-07-02,77
SAR_General,2025-07-03,80
SAR_General,2025-07-04,81
SAR_General,2025-07-05,118
SAR_General,2025-07-06,117
SAR_General,2025-07-07,82
SAR_General,2025-07-08,98
SAR_General,2025-07-09,88
SAR_General,2025-07-10,72
SAR_General,2025-07-11,76
SAR_General,2025-07-12,111
SAR_General,2025-07-13,115
SAR_General,2025-07-14,92
SAR_General,2025-07-15,98
SAR_General,2025-07-16,129
SAR_General,2025-07-17,97
SAR_General,2025-07-18,76
SAR_General,2025-07-19,137
SAR_General,2025-07-20,124
SAR_General,2025-07-21,117
SAR_General,2025-07-22,112
SAR_General,2025-07-23,96
SAR_General,2025-07-24,104
SAR_General,2025-07-25,82
SAR_General,2025-07-26,153
SAR_General,2025-07-27,143
SAR_General,2025-07-28,104
SAR_General,2025-07-29,121
SAR_General,2025-07-30,98
SAR_General,2025-07-31,83
SAR_General,2025-08-01,75
SAR_General,2025-08-02,118
SAR_General,2025-08-03,137
SAR_General,2025-08-04,118
SAR_General,2025-08-05,113
SAR_General,2025-08-06,106
SAR_General,2025-08-07,98
SAR_General,2025-08-08,88
SAR_General,2025-08-09,128
SAR_General,2025-08-10,134
SAR_General,2025-08-11,112
SAR_General,2025-08-12,104
SAR_General,2025-08-13,110
SAR_General,2025-08-14,89
SAR_General,2025-08-15,133
SAR_General,2025-08-16,143
SAR_General,2025-08-17,165
SAR_General,2025-08-18,104
SAR_General,2025-08-19,108
SAR_General,2025-08-20,96
SAR_General,2025-08-21,71
SAR_General,2025-08-22,60
SAR_General,2025-08-23,129
SAR_General,2025-08-24,151
SAR_General,2025-08-25,96
SAR_General,2025-08-26,109
SAR_General,2025-08-27,107
SAR_General,2025-08-28,97
SAR_General,2025-08-29,86
SAR_General,2025-08-30,138
SAR_General,2025-08-31,149
SAR_General,2025-09-01,92
SAR_General,2025-09-02,89
SAR_General,2025-09-03,92
SAR_General,2025-09-04,88
SAR_General,2025-09-05,79
SAR_General,2025-09-06,144
SAR_General,2025-09-07,144
SAR_General,2025-09-08,123
SAR_General,2025-09-09,116
SAR_General,2025-09-10,105
SAR_General,2025-09-11,92
SAR_General,2025-09-12,72
SAR_General,2025-09-13,152
SAR_General,2025-09-14,136
SAR_General,2025-09-15,104
SAR_General,2025-09-16,101
SAR_General,2025-09-17,88
SAR_General,2025-09-18,127
SAR_General,2025-09-19,125
SAR_General,2025-09-20,108
SAR_General,2025-09-21,151
SAR_General,2025-09-22,117
SAR_General,2025-09-23,106
SAR_General,2025-09-24,102
SAR_General,2025-09-25,101
SAR_General,2025-09-26,90
SAR_General,2025-09-27,134
SAR_General,2025-09-28,152
SAR_General,2025-09-29,111
SAR_General,2025-09-30,103
SAR_General,2025-10-01,107
SAR_General,2025-10-02,102
SAR_General,2025-10-03,77
SAR_General,2025-10-04,132
SAR_General,2025-10-05,124
SAR_General,2025-10-06,91
SAR_General,2025-10-07,112
SAR_General,2025-10-08,118
SAR_General,2025-10-09,110
SAR_General,2025-10-10,107
SAR_General,2025-10-11,153
SAR_General,2025-10-12,145
SAR_General,2025-10-13,107
SAR_General,2025-10-14,101
SAR_General,2025-10-15,88
SAR_General,2025-10-16,97
SAR_General,2025-10-17,95
SAR_General,2025-10-18,144
SAR_General,2025-10-19,162
SAR_General,2025-10-20,101
SAR_General,2025-10-21,98
SAR_General,2025-10-22,123
SAR_General,2025-10-23,109
SAR_General,2025-10-24,97
SAR_General,2025-10-25,136
SAR_General,2025-10-26,158
SAR_General,2025-10-27,124
SAR_General,2025-10-28,120
SAR_General,2025-10-29,110
SAR_General,2025-10-30,85
SAR_General,2025-10-31,141
SAR_General,2025-11-01,150
SAR_General,2025-11-02,139
SAR_General,2025-11-03,133
SAR_General,2025-11-04,115
SAR_General,2025-11-05,111
SAR_General,2025-11-06,116
SAR_General,2025-11-07,90
SAR_General,2025-11-08,135
SAR_General,2025-11-09,163
SAR_General,2025-11-10,130
SAR_General,2025-11-11,112
SAR_General,2025-11-12,110
SAR_General,2025-11-13,105
SAR_General,2025-11-14,69
SAR_General,2025-11-15,159
SAR_General,2025-11-16,142
SAR_General,2025-11-17,121
SAR_General,2025-11-18,100
SAR_General,2025-11-19,109
SAR_General,2025-11-20,90
SAR_General,2025-11-21,87
SAR_General,2025-11-22,124
SAR_General,2025-11-23,157
SAR_General,2025-11-24,115
SAR_General,2025-11-25,116
SAR_General,2025-11-26,98
SAR_General,2025-11-27,91
SAR_General,2025-11-28,81
SAR_General,2025-11-29,130
SAR_General,2025-11-30,151
SAR_General,2025-12-01,92
SAR_General,2025-12-02,100
SAR_General,2025-12-03,99
SAR_General,2025-12-04,97
SAR_General,2025-12-05,94
SAR_General,2025-12-06,128
SAR_General,2025-12-07,131
SAR_General,2025-12-08,130
SAR_General,2025-12-09,99
SAR_General,2025-12-10,96
SAR_General,2025-12-11,93
SAR_General,2025-12-12,78
SAR_General,2025-12-13,145
SAR_General,2025-12-14,135
SAR_General,2025-12-15,91
SAR_General,2025-12-16,84
SAR_General,2025-12-17,85
SAR_General,2025-12-18,95
SAR_General,2025-12-19,82
SAR_General,2025-12-20,148
SAR_General,2025-12-21,157
SAR_General,2025-12-22,81
SAR_General,2025-12-23,93
SAR_General,2025-12-24,62
SAR_General,2025-12-25,127
SAR_General,2025-12-26,92
SAR_General,2025-12-27,138
SAR_General,2025-12-28,142
SAR_General,2025-12-29,92
SAR_General,2025-12-30,97
SAR_General,2025-12-31,70
SAR_General,2026-01-01,130
SAR_General,2026-01-02,91
SAR_General,2026-01-03,130
SAR_General,2026-01-04,147
SAR_General,2026-01-05,91
SAR_General,2026-01-06,92
SAR_General,2026-01-07,94
SAR_General,2026-01-08,88
SAR_General,2026-01-09,80
SAR_General,2026-01-10,108
SAR_General,2026-01-11,139
SAR_General,2026-01-12,96
SAR_General,2026-01-13,73
SAR_General,2026-01-14,87
SAR_General,2026-01-15,87
SAR_General,2026-01-16,86
SAR_General,2026-01-17,126
SAR_General,2026-01-18,132
SAR_General,2026-01-19,91
SAR_General,2026-01-20,86
SAR_General,2026-01-21,68
SAR_General,2026-01-22,83
SAR_General,2026-01-23,70
SAR_General,2026-01-24,124
SAR_General,2026-01-25,130
SAR_General,2026-01-26,91
SAR_General,2026-01-27,86
SAR_General,2026-01-28,86
SAR_General,2026-01-29,82
SAR_General,2026-01-30,79
SAR_General,2026-01-31,125
SAR_General,2026-02-01,137
SAR_General,2026-02-02,94
SAR_General,2026-02-03,96
SAR_General,2026-02-04,85
SAR_General,2026-02-05,84
SAR_General,2026-02-06,81
SAR_General,2026-02-07,119
SAR_General,2026-02-08,116
SAR_General,2026-02-09,80
SAR_General,2026-02-10,91
SAR_General,2026-02-11,78
SAR_General,2026-02-12,82
SAR_General,2026-02-13,55
SAR_General,2026-02-14,119
SAR_General,2026-02-15,115
SAR_General,2026-02-16,85
SAR_General,2026-02-17,97
SAR_General,2026-02-18,86
SAR_General,2026-02-19,93
SAR_General,2026-02-20,70
SAR_General,2026-02-21,115
SAR_General,2026-02-22,134
SAR_General,2026-02-23,83
SAR_General,2026-02-24,76
SAR_General,2026-02-25,66
SAR_General,2026-02-26,78
SAR_General,2026-02-27,52
SAR_General,2026-02-28,113
SAR_General,2026-03-01,129
SAR_General,2026-03-02,80
SAR_General,2026-03-03,74
SAR_General,2026-03-04,80
SAR_General,2026-03-05,78
SAR_General,2026-03-06,82
SAR_General,2026-03-07,139
SAR_General,2026-03-08,149
SAR_General,2026-03-09,91
SAR_General,2026-03-10,96
SAR_General,2026-03-11,99
SAR_General,2026-03-12,102
SAR_General,2026-03-13,101
SAR_General,2026-03-14,158
SAR_General,2026-03-15,139
SAR_General,2026-03-16,133
SAR_General,2026-03-17,123
SAR_General,2026-03-18,117
SAR_General,2026-03-19,104
SAR_General,2026-03-20,84
SAR_General,2026-03-21,143
SAR_General,2026-03-22,158
SAR_General,2026-03-23,101
SAR_General,2026-03-24,116
SAR_General,2026-03-25,110
SAR_General,2026-03-26,97
SAR_General,2026-03-27,93
SAR_General,2026-03-28,142
SAR_General,2026-03-29,139
SAR_General,2026-03-30,114
SAR_General,2026-03-31,105
SAR_General,2026-04-01,103
SAR_General,2026-04-02,93
SAR_General,2026-04-03,137
SAR_General,2026-04-04,151
SAR_General,2026-04-05,137
SAR_General,2026-04-06,115
SAR_General,2026-04-07,111
SAR_General,2026-04-08,97
SAR_General,2026-04-09,85
SAR_General,2026-04-10,77
SAR_General,2026-04-11,139
SAR_General,2026-04-12,146
SAR_General,2026-04-13,109
SAR_General,2026-04-14,95
SAR_General,2026-04-15,107
SAR_General,2026-04-16,105
SAR_General,2026-04-17,98
SAR_General,2026-04-18,152
SAR_General,2026-04-19,152
SAR_General,2026-04-20,89
SAR_General,2026-04-21,104
SAR_General,2026-04-22,100
SAR_General,2026-04-23,94
SAR_General,2026-04-24,90
SAR_General,2026-04-25,136
SAR_General,2026-04-26,134
SAR_General,2026-04-27,110
SAR_General,2026-04-28,108
SAR_General,2026-04-29,125
SAR_General,2026-04-30,111
SAR_General,2026-05-01,137
SAR_General,2026-05-02,161
SAR_General,2026-05-03,149
SAR_General,2026-05-04,137
SAR_General,2026-05-05,100
SAR_General,2026-05-06,87
SAR_General,2026-05-07,100
SAR_General,2026-05-08,95
SAR_General,2026-05-09,154
SAR_General,2026-05-10,147
SAR_General,2026-05-11,133
SAR_General,2026-05-12,117
SAR_General,2026-05-13,119
SAR_General,2026-05-14,121
SAR_General,2026-05-15,109
SAR_General,2026-05-16,167
SAR_General,2026-05-17,165
SAR_General,2026-05-18,144
SAR_General,2026-05-19,128
SAR_General,2026-05-20,92
SAR_General,2026-05-21,147
SAR_General,2026-05-22,93
SAR_General,2026-05-23,162
SAR_General,2026-05-24,169
SAR_General,2026-05-25,148
SAR_General,2026-05-26,129
SAR_General,2026-05-27,126
SAR_General,2026-05-28,99
SAR_General,2026-05-29,106
SAR_General,2026-05-30,177
SAR_General,2026-05-31,192
SAR_General,2026-06-01,145
SAR_General,2026-06-02,120
SAR_General,2026-06-03,126
SAR_General,2026-06-04,108
SAR_General,2026-06-05,105
SAR_General,2026-06-06,155
SAR_General,2026-06-07,177
SAR_General,2026-06-08,147
SAR_General,2026-06-09,107
SAR_General,2026-06-10,129
SAR_General,2026-06-11,98
SAR_General,2026-06-12,116
SAR_General,2026-06-13,154
SAR_General,2026-06-14,164
SAR_General,2026-06-15,130
SAR_General,2026-06-16,122
SAR_General,2026-06-17,113
SAR_General,2026-06-18,98
SAR_General,2026-06-19,105
SAR_General,2026-06-20,153
SAR_General,2026-06-21,149
SAR_General,2026-06-22,124
SAR_General,2026-06-23,102
SAR_General,2026-06-24,116
SAR_General,2026-06-25,101
SAR_General,2026-06-26,97
SAR_General,2026-06-27,147
SAR_General,2026-06-28,153
SAR_General,2026-06-29,151
SAR_General,2026-06-30,84
SAR_General,2026-07-01,90
SAR_General,2026-07-02,91
SAR_General,2026-07-03,84
SAR_General,2026-07-04,129
SAR_General,2026-07-05,106
SAR_General,2026-07-06,96
SAR_General,2026-07-07,79
SAR_General,2026-07-08,98
SAR_General,2026-07-09,94
SAR_General,2026-07-10,94
SAR_General,2026-07-11,142
SAR_General,2026-07-12,151
SAR_General,2026-07-13,105
SAR_General,2026-07-14,88
SAR_General,2026-07-15,83
SAR_General,2026-07-16,105
SAR_General,2026-07-17,69
SAR_General,2026-07-18,132
SAR_General,2026-07-19,124
SAR_General,2026-07-20,97
SAR_General,2026-07-21,69
SAR_General,2026-07-22,79
SAR_General,2026-07-23,86
SAR_General,2026-07-24,82
SAR_General,2026-07-25,119
SAR_General,2026-07-26,118
SAR_General,2026-07-27,100
SAR_General,2026-07-28,102
SAR_General,2026-08-03,111
SAR_General,2026-08-04,111
SAR_General,2026-08-05,76
SAR_General,2026-08-06,92
SAR_General,2026-08-07,76
SAR_General,2026-08-08,119
SAR_General,2026-08-16,157
SAR_General,2026-08-17,118
SAR_General,2026-08-18,125
SAR_General,2026-08-19,112
SAR_General,2026-08-20,118
SAR_General,2026-08-21,92
SAR_General,2026-08-22,134
SAR_General,2026-08-23,161
SAR_General,2026-08-24,118
SAR_General,2026-08-25,112
SAR_General,2026-08-26,105
SAR_General,2026-08-27,103
SAR_General,2026-08-28,90
SAR_General,2026-08-29,151
SAR_General,2026-09-25,101
SAR_General,2026-09-26,167
SAR_General,2026-09-27,145